{"mIOU": {"peel_faulty": 0.6846820807327652, "rebar_normal": 0.548963886511498, "crack_normal": 0.5569935529201234, "crack_faulty": 0.5645371889193962, "peel_normal": 0.6419093301715952, "rebar_faulty": 0.5784208600361787, "peel_best": 0.9586756973362253, "rebar_best": 0.9492315845000283, "crack_best": 0.9593469142842043}, "mAP": {"peel_faulty": 0.8736766988203, "rebar_normal": 0.8931482068568544, "crack_normal": 0.8472650803226437, "crack_faulty": 0.7873485231000507, "peel_normal": 0.8949857565187956, "rebar_faulty": 0.851580216094514, "peel_best": 1.0, "rebar_best": 1.0, "crack_best": 1.0}}